Nom101;Prenom101;100000000101
Nom102;Prenom102;100000000102
Nom103;Prenom103;100000000103
Nom104;Prenom104;100000000104
Nom105;Prenom105;100000000105
Nom106;Prenom106;100000000106
Nom107;Prenom107;100000000107
Nom108;Prenom108;100000000108
Nom109;Prenom109;100000000109
Nom110;Prenom110;100000000110
Nom111;Prenom111;100000000111
Nom112;Prenom112;100000000112
Nom113;Prenom113;100000000113
Nom114;Prenom114;100000000114
Nom115;Prenom115;100000000115
Nom116;Prenom116;100000000116
Nom117;Prenom117;100000000117
Nom118;Prenom118;100000000118
Nom119;Prenom119;100000000119
Nom120;Prenom120;100000000120
Nom121;Prenom121;100000000121
Nom122;Prenom122;100000000122
Nom123;Prenom123;100000000123
Nom124;Prenom124;100000000124
Nom125;Prenom125;100000000125
Nom126;Prenom126;100000000126
Nom127;Prenom127;100000000127
Nom128;Prenom128;100000000128
Nom129;Prenom129;100000000129
Nom130;Prenom130;100000000130
Nom131;Prenom131;100000000131
Nom132;Prenom132;100000000132
Nom133;Prenom133;100000000133
Nom134;Prenom134;100000000134
Nom135;Prenom135;100000000135
Nom136;Prenom136;100000000136
Nom137;Prenom137;100000000137
Nom138;Prenom138;100000000138
Nom139;Prenom139;100000000139
Nom140;Prenom140;100000000140
Nom141;Prenom141;100000000141
Nom142;Prenom142;100000000142
Nom143;Prenom143;100000000143
Nom144;Prenom144;100000000144
Nom145;Prenom145;100000000145
Nom146;Prenom146;100000000146
Nom147;Prenom147;100000000147
Nom148;Prenom148;100000000148
Nom149;Prenom149;100000000149
Nom150;Prenom150;100000000150
