9911610101,9916501,1830036,2021-09-26 15:00:00,99116101,NULL,NULL
9911610102,1830025,1830014,2021-09-26 15:00:00,99116101,NULL,NULL
9911610103,1830011,1830018,2021-09-26 15:00:00,99116101,NULL,NULL
9911610104,1725141,1725152,2021-09-26 15:00:00,99116101,NULL,NULL
9911610105,1725066,1725173,2021-09-26 15:00:00,99116101,NULL,NULL
9911610201,1830036,1830025,2021-10-03 15:00:00,99116102,NULL,NULL
9911610202,1830014,1830011,2021-10-03 15:00:00,99116102,NULL,NULL
9911610203,1830018,1725141,2021-10-03 15:00:00,99116102,NULL,NULL
9911610204,1725152,1725066,2021-10-03 15:00:00,99116102,NULL,NULL
9911610205,9916501,1725173,2021-10-03 15:00:00,99116102,NULL,NULL
9911610301,1830011,1830036,2021-10-10 15:00:00,99116103,NULL,NULL
9911610302,1725141,1830014,2021-10-10 15:00:00,99116103,NULL,NULL
9911610303,1725066,1830018,2021-10-10 15:00:00,99116103,NULL,NULL
9911610304,1725173,1725152,2021-10-10 15:00:00,99116103,NULL,NULL
9911610305,1830025,9916501,2021-10-10 15:00:00,99116103,NULL,NULL
9911610401,1830036,1725141,2021-10-24 15:00:00,99116104,NULL,NULL
9911610402,1830014,1725066,2021-10-24 15:00:00,99116104,NULL,NULL
9911610403,1830018,1725173,2021-10-24 15:00:00,99116104,NULL,NULL
9911610404,9916501,1725152,2021-10-24 15:00:00,99116104,NULL,NULL
9911610405,1830025,1830011,2021-10-24 15:00:00,99116104,NULL,NULL
9911610501,1725066,1830036,2021-10-31 15:00:00,99116105,NULL,NULL
9911610502,1725173,1830014,2021-10-31 15:00:00,99116105,NULL,NULL
9911610503,1725152,1830018,2021-10-31 15:00:00,99116105,NULL,NULL
9911610504,1725141,1830025,2021-10-31 15:00:00,99116105,NULL,NULL
9911610505,1830011,9916501,2021-10-31 15:00:00,99116105,NULL,NULL
9911610601,1830036,1725173,2021-11-07 15:00:00,99116106,NULL,NULL
9911610602,1830014,1725152,2021-11-07 15:00:00,99116106,NULL,NULL
9911610603,9916501,1830018,2021-11-07 15:00:00,99116106,NULL,NULL
9911610604,1830025,1725066,2021-11-07 15:00:00,99116106,NULL,NULL
9911610605,1830011,1725141,2021-11-07 15:00:00,99116106,NULL,NULL
9911610701,1725152,1830036,2021-11-21 15:00:00,99116107,NULL,NULL
9911610702,1830018,1830014,2021-11-21 15:00:00,99116107,NULL,NULL
9911610703,1725173,1830025,2021-11-21 15:00:00,99116107,NULL,NULL
9911610704,1725066,1830011,2021-11-21 15:00:00,99116107,NULL,NULL
9911610705,1725141,9916501,2021-11-21 15:00:00,99116107,NULL,NULL
9911610801,1830036,1830018,2021-11-28 15:00:00,99116108,NULL,NULL
9911610802,9916501,1830014,2021-11-28 15:00:00,99116108,NULL,NULL
9911610803,1830025,1725152,2021-11-28 15:00:00,99116108,NULL,NULL
9911610804,1830011,1725173,2021-11-28 15:00:00,99116108,NULL,NULL
9911610805,1725141,1725066,2021-11-28 15:00:00,99116108,NULL,NULL
9911610901,1830014,1830036,2021-12-12 15:00:00,99116109,NULL,NULL
9911610902,1830018,1830025,2021-12-12 15:00:00,99116109,NULL,NULL
9911610903,1725152,1830011,2021-12-12 15:00:00,99116109,NULL,NULL
9911610904,1725173,1725141,2021-12-12 15:00:00,99116109,NULL,NULL
9911610905,1725066,9916501,2021-12-12 15:00:00,99116109,NULL,NULL
9911611001,1830036,9916501,2022-01-16 15:00:00,99116110,NULL,NULL
9911611002,1830014,1830025,2022-01-16 15:00:00,99116110,NULL,NULL
9911611003,1830018,1830011,2022-01-16 15:00:00,99116110,NULL,NULL
9911611004,1725152,1725141,2022-01-16 15:00:00,99116110,NULL,NULL
9911611005,1725173,1725066,2022-01-16 15:00:00,99116110,NULL,NULL
9911611101,1830025,1830036,2022-01-23 15:00:00,99116111,NULL,NULL
9911611102,1830011,1830014,2022-01-23 15:00:00,99116111,NULL,NULL
9911611103,1725141,1830018,2022-01-23 15:00:00,99116111,NULL,NULL
9911611104,1725066,1725152,2022-01-23 15:00:00,99116111,NULL,NULL
9911611105,1725173,9916501,2022-01-23 15:00:00,99116111,NULL,NULL
9911611201,1830036,1830011,2022-01-30 15:00:00,99116112,NULL,NULL
9911611202,1830014,1725141,2022-01-30 15:00:00,99116112,NULL,NULL
9911611203,1830018,1725066,2022-01-30 15:00:00,99116112,NULL,NULL
9911611204,1725152,1725173,2022-01-30 15:00:00,99116112,NULL,NULL
9911611205,9916501,1830025,2022-01-30 15:00:00,99116112,NULL,NULL
9911611301,1725141,1830036,2022-02-20 15:00:00,99116113,NULL,NULL
9911611302,1725066,1830014,2022-02-20 15:00:00,99116113,NULL,NULL
9911611303,1725173,1830018,2022-02-20 15:00:00,99116113,NULL,NULL
9911611304,1725152,9916501,2022-02-20 15:00:00,99116113,NULL,NULL
9911611305,1830011,1830025,2022-02-20 15:00:00,99116113,NULL,NULL
9911611401,1830036,1725066,2022-02-27 15:00:00,99116114,NULL,NULL
9911611402,1830014,1725173,2022-02-27 15:00:00,99116114,NULL,NULL
9911611403,1830018,1725152,2022-02-27 15:00:00,99116114,NULL,NULL
9911611404,1830025,1725141,2022-02-27 15:00:00,99116114,NULL,NULL
9911611405,9916501,1830011,2022-02-27 15:00:00,99116114,NULL,NULL
9911611501,1725173,1830036,2022-03-06 15:00:00,99116115,NULL,NULL
9911611502,1725152,1830014,2022-03-06 15:00:00,99116115,NULL,NULL
9911611503,1830018,9916501,2022-03-06 15:00:00,99116115,NULL,NULL
9911611504,1725066,1830025,2022-03-06 15:00:00,99116115,NULL,NULL
9911611505,1725141,1830011,2022-03-06 15:00:00,99116115,NULL,NULL
9911611601,1830036,1725152,2022-03-27 15:00:00,99116116,NULL,NULL
9911611602,1830014,1830018,2022-03-27 15:00:00,99116116,NULL,NULL
9911611603,1830025,1725173,2022-03-27 15:00:00,99116116,NULL,NULL
9911611604,1830011,1725066,2022-03-27 15:00:00,99116116,NULL,NULL
9911611605,9916501,1725141,2022-03-27 15:00:00,99116116,NULL,NULL
9911611701,1830018,1830036,2022-04-03 15:00:00,99116117,NULL,NULL
9911611702,1830014,9916501,2022-04-03 15:00:00,99116117,NULL,NULL
9911611703,1725152,1830025,2022-04-03 15:00:00,99116117,NULL,NULL
9911611704,1725173,1830011,2022-04-03 15:00:00,99116117,NULL,NULL
9911611705,1725066,1725141,2022-04-03 15:00:00,99116117,NULL,NULL
9911611801,1830036,1830014,2022-04-10 15:00:00,99116118,NULL,NULL
9911611802,1830025,1830018,2022-04-10 15:00:00,99116118,NULL,NULL
9911611803,1830011,1725152,2022-04-10 15:00:00,99116118,NULL,NULL
9911611804,1725141,1725173,2022-04-10 15:00:00,99116118,NULL,NULL
9911611805,9916501,1725066,2022-04-10 15:00:00,99116118,NULL,NULL
9921610101,9916504,2029126,2021-09-26 15:00:00,99216101,NULL,NULL
9921610102,2029107,2012018,2021-09-26 15:00:00,99216101,NULL,NULL
9921610103,2012010,2029051,2021-09-26 15:00:00,99216101,NULL,NULL
9921610104,2029076,2012002,2021-09-26 15:00:00,99216101,NULL,NULL
9921610105,1914015,2012020,2021-09-26 15:00:00,99216101,NULL,NULL
9921610201,2029126,2029107,2021-10-03 15:00:00,99216102,NULL,NULL
9921610202,2012018,2012010,2021-10-03 15:00:00,99216102,NULL,NULL
9921610203,2029051,2029076,2021-10-03 15:00:00,99216102,NULL,NULL
9921610204,2012002,1914015,2021-10-03 15:00:00,99216102,NULL,NULL
9921610205,9916504,2012020,2021-10-03 15:00:00,99216102,NULL,NULL
9921610301,2012010,2029126,2021-10-10 15:00:00,99216103,NULL,NULL
9921610302,2029076,2012018,2021-10-10 15:00:00,99216103,NULL,NULL
9921610303,1914015,2029051,2021-10-10 15:00:00,99216103,NULL,NULL
9921610304,2012020,2012002,2021-10-10 15:00:00,99216103,NULL,NULL
9921610305,2029107,9916504,2021-10-10 15:00:00,99216103,NULL,NULL
9921610401,2029126,2029076,2021-10-24 15:00:00,99216104,NULL,NULL
9921610402,2012018,1914015,2021-10-24 15:00:00,99216104,NULL,NULL
9921610403,2029051,2012020,2021-10-24 15:00:00,99216104,NULL,NULL
9921610404,9916504,2012002,2021-10-24 15:00:00,99216104,NULL,NULL
9921610405,2029107,2012010,2021-10-24 15:00:00,99216104,NULL,NULL
9921610501,1914015,2029126,2021-10-31 15:00:00,99216105,NULL,NULL
9921610502,2012020,2012018,2021-10-31 15:00:00,99216105,NULL,NULL
9921610503,2012002,2029051,2021-10-31 15:00:00,99216105,NULL,NULL
9921610504,2029076,2029107,2021-10-31 15:00:00,99216105,NULL,NULL
9921610505,2012010,9916504,2021-10-31 15:00:00,99216105,NULL,NULL
9921610601,2029126,2012020,2021-11-07 15:00:00,99216106,NULL,NULL
9921610602,2012018,2012002,2021-11-07 15:00:00,99216106,NULL,NULL
9921610603,9916504,2029051,2021-11-07 15:00:00,99216106,NULL,NULL
9921610604,2029107,1914015,2021-11-07 15:00:00,99216106,NULL,NULL
9921610605,2012010,2029076,2021-11-07 15:00:00,99216106,NULL,NULL
9921610701,2012002,2029126,2021-11-21 15:00:00,99216107,NULL,NULL
9921610702,2029051,2012018,2021-11-21 15:00:00,99216107,NULL,NULL
9921610703,2012020,2029107,2021-11-21 15:00:00,99216107,NULL,NULL
9921610704,1914015,2012010,2021-11-21 15:00:00,99216107,NULL,NULL
9921610705,2029076,9916504,2021-11-21 15:00:00,99216107,NULL,NULL
9921610801,2029126,2029051,2021-11-28 15:00:00,99216108,NULL,NULL
9921610802,9916504,2012018,2021-11-28 15:00:00,99216108,NULL,NULL
9921610803,2029107,2012002,2021-11-28 15:00:00,99216108,NULL,NULL
9921610804,2012010,2012020,2021-11-28 15:00:00,99216108,NULL,NULL
9921610805,2029076,1914015,2021-11-28 15:00:00,99216108,NULL,NULL
9921610901,2012018,2029126,2021-12-12 15:00:00,99216109,NULL,NULL
9921610902,2029051,2029107,2021-12-12 15:00:00,99216109,NULL,NULL
9921610903,2012002,2012010,2021-12-12 15:00:00,99216109,NULL,NULL
9921610904,2012020,2029076,2021-12-12 15:00:00,99216109,NULL,NULL
9921610905,1914015,9916504,2021-12-12 15:00:00,99216109,NULL,NULL
9921611001,2029126,9916504,2022-01-16 15:00:00,99216110,NULL,NULL
9921611002,2012018,2029107,2022-01-16 15:00:00,99216110,NULL,NULL
9921611003,2029051,2012010,2022-01-16 15:00:00,99216110,NULL,NULL
9921611004,2012002,2029076,2022-01-16 15:00:00,99216110,NULL,NULL
9921611005,2012020,1914015,2022-01-16 15:00:00,99216110,NULL,NULL
9921611101,2029107,2029126,2022-01-23 15:00:00,99216111,NULL,NULL
9921611102,2012010,2012018,2022-01-23 15:00:00,99216111,NULL,NULL
9921611103,2029076,2029051,2022-01-23 15:00:00,99216111,NULL,NULL
9921611104,1914015,2012002,2022-01-23 15:00:00,99216111,NULL,NULL
9921611105,2012020,9916504,2022-01-23 15:00:00,99216111,NULL,NULL
9921611201,2029126,2012010,2022-01-30 15:00:00,99216112,NULL,NULL
9921611202,2012018,2029076,2022-01-30 15:00:00,99216112,NULL,NULL
9921611203,2029051,1914015,2022-01-30 15:00:00,99216112,NULL,NULL
9921611204,2012002,2012020,2022-01-30 15:00:00,99216112,NULL,NULL
9921611205,9916504,2029107,2022-01-30 15:00:00,99216112,NULL,NULL
9921611301,2029076,2029126,2022-02-20 15:00:00,99216113,NULL,NULL
9921611302,1914015,2012018,2022-02-20 15:00:00,99216113,NULL,NULL
9921611303,2012020,2029051,2022-02-20 15:00:00,99216113,NULL,NULL
9921611304,2012002,9916504,2022-02-20 15:00:00,99216113,NULL,NULL
9921611305,2012010,2029107,2022-02-20 15:00:00,99216113,NULL,NULL
9921611401,2029126,1914015,2022-02-27 15:00:00,99216114,NULL,NULL
9921611402,2012018,2012020,2022-02-27 15:00:00,99216114,NULL,NULL
9921611403,2029051,2012002,2022-02-27 15:00:00,99216114,NULL,NULL
9921611404,2029107,2029076,2022-02-27 15:00:00,99216114,NULL,NULL
9921611405,9916504,2012010,2022-02-27 15:00:00,99216114,NULL,NULL
9921611501,2012020,2029126,2022-03-06 15:00:00,99216115,NULL,NULL
9921611502,2012002,2012018,2022-03-06 15:00:00,99216115,NULL,NULL
9921611503,2029051,9916504,2022-03-06 15:00:00,99216115,NULL,NULL
9921611504,1914015,2029107,2022-03-06 15:00:00,99216115,NULL,NULL
9921611505,2029076,2012010,2022-03-06 15:00:00,99216115,NULL,NULL
9921611601,2029126,2012002,2022-03-27 15:00:00,99216116,NULL,NULL
9921611602,2012018,2029051,2022-03-27 15:00:00,99216116,NULL,NULL
9921611603,2029107,2012020,2022-03-27 15:00:00,99216116,NULL,NULL
9921611604,2012010,1914015,2022-03-27 15:00:00,99216116,NULL,NULL
9921611605,9916504,2029076,2022-03-27 15:00:00,99216116,NULL,NULL
9921611701,2029051,2029126,2022-04-03 15:00:00,99216117,NULL,NULL
9921611702,2012018,9916504,2022-04-03 15:00:00,99216117,NULL,NULL
9921611703,2012002,2029107,2022-04-03 15:00:00,99216117,NULL,NULL
9921611704,2012020,2012010,2022-04-03 15:00:00,99216117,NULL,NULL
9921611705,1914015,2029076,2022-04-03 15:00:00,99216117,NULL,NULL
9921611801,2029126,2012018,2022-04-10 15:00:00,99216118,NULL,NULL
9921611802,2029107,2029051,2022-04-10 15:00:00,99216118,NULL,NULL
9921611803,2012010,2012002,2022-04-10 15:00:00,99216118,NULL,NULL
9921611804,2029076,2012020,2022-04-10 15:00:00,99216118,NULL,NULL
9921611805,9916504,1914015,2022-04-10 15:00:00,99216118,NULL,NULL
9921620101,2012014,1919036,2021-09-26 15:00:00,99216201,NULL,NULL
9921620102,1914001,1920069,2021-09-26 15:00:00,99216201,NULL,NULL
9921620103,2012036,1914019,2021-09-26 15:00:00,99216201,NULL,NULL
9921620104,1914013,2014010,2021-09-26 15:00:00,99216201,NULL,NULL
9921620105,2012043,1914006,2021-09-26 15:00:00,99216201,NULL,NULL
9921620201,1919036,1914001,2021-10-03 15:00:00,99216202,NULL,NULL
9921620202,1920069,2012036,2021-10-03 15:00:00,99216202,NULL,NULL
9921620203,1914019,1914013,2021-10-03 15:00:00,99216202,NULL,NULL
9921620204,2014010,2012043,2021-10-03 15:00:00,99216202,NULL,NULL
9921620205,2012014,1914006,2021-10-03 15:00:00,99216202,NULL,NULL
9921620301,2012036,1919036,2021-10-10 15:00:00,99216203,NULL,NULL
9921620302,1914013,1920069,2021-10-10 15:00:00,99216203,NULL,NULL
9921620303,2012043,1914019,2021-10-10 15:00:00,99216203,NULL,NULL
9921620304,1914006,2014010,2021-10-10 15:00:00,99216203,NULL,NULL
9921620305,1914001,2012014,2021-10-10 15:00:00,99216203,NULL,NULL
9921620401,1919036,1914013,2021-10-24 15:00:00,99216204,NULL,NULL
9921620402,1920069,2012043,2021-10-24 15:00:00,99216204,NULL,NULL
9921620403,1914019,1914006,2021-10-24 15:00:00,99216204,NULL,NULL
9921620404,2012014,2014010,2021-10-24 15:00:00,99216204,NULL,NULL
9921620405,1914001,2012036,2021-10-24 15:00:00,99216204,NULL,NULL
9921620501,2012043,1919036,2021-10-31 15:00:00,99216205,NULL,NULL
9921620502,1914006,1920069,2021-10-31 15:00:00,99216205,NULL,NULL
9921620503,2014010,1914019,2021-10-31 15:00:00,99216205,NULL,NULL
9921620504,1914013,1914001,2021-10-31 15:00:00,99216205,NULL,NULL
9921620505,2012036,2012014,2021-10-31 15:00:00,99216205,NULL,NULL
9921620601,1919036,1914006,2021-11-07 15:00:00,99216206,NULL,NULL
9921620602,1920069,2014010,2021-11-07 15:00:00,99216206,NULL,NULL
9921620603,2012014,1914019,2021-11-07 15:00:00,99216206,NULL,NULL
9921620604,1914001,2012043,2021-11-07 15:00:00,99216206,NULL,NULL
9921620605,2012036,1914013,2021-11-07 15:00:00,99216206,NULL,NULL
9921620701,2014010,1919036,2021-11-21 15:00:00,99216207,NULL,NULL
9921620702,1914019,1920069,2021-11-21 15:00:00,99216207,NULL,NULL
9921620703,1914006,1914001,2021-11-21 15:00:00,99216207,NULL,NULL
9921620704,2012043,2012036,2021-11-21 15:00:00,99216207,NULL,NULL
9921620705,1914013,2012014,2021-11-21 15:00:00,99216207,NULL,NULL
9921620801,1919036,1914019,2021-11-28 15:00:00,99216208,NULL,NULL
9921620802,2012014,1920069,2021-11-28 15:00:00,99216208,NULL,NULL
9921620803,1914001,2014010,2021-11-28 15:00:00,99216208,NULL,NULL
9921620804,2012036,1914006,2021-11-28 15:00:00,99216208,NULL,NULL
9921620805,1914013,2012043,2021-11-28 15:00:00,99216208,NULL,NULL
9921620901,1920069,1919036,2021-12-12 15:00:00,99216209,NULL,NULL
9921620902,1914019,1914001,2021-12-12 15:00:00,99216209,NULL,NULL
9921620903,2014010,2012036,2021-12-12 15:00:00,99216209,NULL,NULL
9921620904,1914006,1914013,2021-12-12 15:00:00,99216209,NULL,NULL
9921620905,2012043,2012014,2021-12-12 15:00:00,99216209,NULL,NULL
9921621001,1919036,2012014,2022-01-16 15:00:00,99216210,NULL,NULL
9921621002,1920069,1914001,2022-01-16 15:00:00,99216210,NULL,NULL
9921621003,1914019,2012036,2022-01-16 15:00:00,99216210,NULL,NULL
9921621004,2014010,1914013,2022-01-16 15:00:00,99216210,NULL,NULL
9921621005,1914006,2012043,2022-01-16 15:00:00,99216210,NULL,NULL
9921621101,1914001,1919036,2022-01-23 15:00:00,99216211,NULL,NULL
9921621102,2012036,1920069,2022-01-23 15:00:00,99216211,NULL,NULL
9921621103,1914013,1914019,2022-01-23 15:00:00,99216211,NULL,NULL
9921621104,2012043,2014010,2022-01-23 15:00:00,99216211,NULL,NULL
9921621105,1914006,2012014,2022-01-23 15:00:00,99216211,NULL,NULL
9921621201,1919036,2012036,2022-01-30 15:00:00,99216212,NULL,NULL
9921621202,1920069,1914013,2022-01-30 15:00:00,99216212,NULL,NULL
9921621203,1914019,2012043,2022-01-30 15:00:00,99216212,NULL,NULL
9921621204,2014010,1914006,2022-01-30 15:00:00,99216212,NULL,NULL
9921621205,2012014,1914001,2022-01-30 15:00:00,99216212,NULL,NULL
9921621301,1914013,1919036,2022-02-20 15:00:00,99216213,NULL,NULL
9921621302,2012043,1920069,2022-02-20 15:00:00,99216213,NULL,NULL
9921621303,1914006,1914019,2022-02-20 15:00:00,99216213,NULL,NULL
9921621304,2014010,2012014,2022-02-20 15:00:00,99216213,NULL,NULL
9921621305,2012036,1914001,2022-02-20 15:00:00,99216213,NULL,NULL
9921621401,1919036,2012043,2022-02-27 15:00:00,99216214,NULL,NULL
9921621402,1920069,1914006,2022-02-27 15:00:00,99216214,NULL,NULL
9921621403,1914019,2014010,2022-02-27 15:00:00,99216214,NULL,NULL
9921621404,1914001,1914013,2022-02-27 15:00:00,99216214,NULL,NULL
9921621405,2012014,2012036,2022-02-27 15:00:00,99216214,NULL,NULL
9921621501,1914006,1919036,2022-03-06 15:00:00,99216215,NULL,NULL
9921621502,2014010,1920069,2022-03-06 15:00:00,99216215,NULL,NULL
9921621503,1914019,2012014,2022-03-06 15:00:00,99216215,NULL,NULL
9921621504,2012043,1914001,2022-03-06 15:00:00,99216215,NULL,NULL
9921621505,1914013,2012036,2022-03-06 15:00:00,99216215,NULL,NULL
9921621601,1919036,2014010,2022-03-27 15:00:00,99216216,NULL,NULL
9921621602,1920069,1914019,2022-03-27 15:00:00,99216216,NULL,NULL
9921621603,1914001,1914006,2022-03-27 15:00:00,99216216,NULL,NULL
9921621604,2012036,2012043,2022-03-27 15:00:00,99216216,NULL,NULL
9921621605,2012014,1914013,2022-03-27 15:00:00,99216216,NULL,NULL
9921621701,1914019,1919036,2022-04-03 15:00:00,99216217,NULL,NULL
9921621702,1920069,2012014,2022-04-03 15:00:00,99216217,NULL,NULL
9921621703,2014010,1914001,2022-04-03 15:00:00,99216217,NULL,NULL
9921621704,1914006,2012036,2022-04-03 15:00:00,99216217,NULL,NULL
9921621705,2012043,1914013,2022-04-03 15:00:00,99216217,NULL,NULL
9921621801,1919036,1920069,2022-04-10 15:00:00,99216218,NULL,NULL
9921621802,1914001,1914019,2022-04-10 15:00:00,99216218,NULL,NULL
9921621803,2012036,2014010,2022-04-10 15:00:00,99216218,NULL,NULL
9921621804,1914013,1914006,2022-04-10 15:00:00,99216218,NULL,NULL
9921621805,2012014,2012043,2022-04-10 15:00:00,99216218,NULL,NULL
9921630101,1919025,1920055,2021-09-26 15:00:00,99216301,NULL,NULL
9921630102,1919019,1920079,2021-09-26 15:00:00,99216301,NULL,NULL
9921630103,1919061,1914030,2021-09-26 15:00:00,99216301,NULL,NULL
9921630104,1919007,1919005,2021-09-26 15:00:00,99216301,NULL,NULL
9921630105,1919049,1919011,2021-09-26 15:00:00,99216301,NULL,NULL
9921630201,1920055,1919019,2021-10-03 15:00:00,99216302,NULL,NULL
9921630202,1920079,1919061,2021-10-03 15:00:00,99216302,NULL,NULL
9921630203,1914030,1919007,2021-10-03 15:00:00,99216302,NULL,NULL
9921630204,1919005,1919049,2021-10-03 15:00:00,99216302,NULL,NULL
9921630205,1919025,1919011,2021-10-03 15:00:00,99216302,NULL,NULL
9921630301,1919061,1920055,2021-10-10 15:00:00,99216303,NULL,NULL
9921630302,1919007,1920079,2021-10-10 15:00:00,99216303,NULL,NULL
9921630303,1919049,1914030,2021-10-10 15:00:00,99216303,NULL,NULL
9921630304,1919011,1919005,2021-10-10 15:00:00,99216303,NULL,NULL
9921630305,1919019,1919025,2021-10-10 15:00:00,99216303,NULL,NULL
9921630401,1920055,1919007,2021-10-24 15:00:00,99216304,NULL,NULL
9921630402,1920079,1919049,2021-10-24 15:00:00,99216304,NULL,NULL
9921630403,1914030,1919011,2021-10-24 15:00:00,99216304,NULL,NULL
9921630404,1919025,1919005,2021-10-24 15:00:00,99216304,NULL,NULL
9921630405,1919019,1919061,2021-10-24 15:00:00,99216304,NULL,NULL
9921630501,1919049,1920055,2021-10-31 15:00:00,99216305,NULL,NULL
9921630502,1919011,1920079,2021-10-31 15:00:00,99216305,NULL,NULL
9921630503,1919005,1914030,2021-10-31 15:00:00,99216305,NULL,NULL
9921630504,1919007,1919019,2021-10-31 15:00:00,99216305,NULL,NULL
9921630505,1919061,1919025,2021-10-31 15:00:00,99216305,NULL,NULL
9921630601,1920055,1919011,2021-11-07 15:00:00,99216306,NULL,NULL
9921630602,1920079,1919005,2021-11-07 15:00:00,99216306,NULL,NULL
9921630603,1919025,1914030,2021-11-07 15:00:00,99216306,NULL,NULL
9921630604,1919019,1919049,2021-11-07 15:00:00,99216306,NULL,NULL
9921630605,1919061,1919007,2021-11-07 15:00:00,99216306,NULL,NULL
9921630701,1919005,1920055,2021-11-21 15:00:00,99216307,NULL,NULL
9921630702,1914030,1920079,2021-11-21 15:00:00,99216307,NULL,NULL
9921630703,1919011,1919019,2021-11-21 15:00:00,99216307,NULL,NULL
9921630704,1919049,1919061,2021-11-21 15:00:00,99216307,NULL,NULL
9921630705,1919007,1919025,2021-11-21 15:00:00,99216307,NULL,NULL
9921630801,1920055,1914030,2021-11-28 15:00:00,99216308,NULL,NULL
9921630802,1919025,1920079,2021-11-28 15:00:00,99216308,NULL,NULL
9921630803,1919019,1919005,2021-11-28 15:00:00,99216308,NULL,NULL
9921630804,1919061,1919011,2021-11-28 15:00:00,99216308,NULL,NULL
9921630805,1919007,1919049,2021-11-28 15:00:00,99216308,NULL,NULL
9921630901,1920079,1920055,2021-12-12 15:00:00,99216309,NULL,NULL
9921630902,1914030,1919019,2021-12-12 15:00:00,99216309,NULL,NULL
9921630903,1919005,1919061,2021-12-12 15:00:00,99216309,NULL,NULL
9921630904,1919011,1919007,2021-12-12 15:00:00,99216309,NULL,NULL
9921630905,1919049,1919025,2021-12-12 15:00:00,99216309,NULL,NULL
9921631001,1920055,1919025,2022-01-16 15:00:00,99216310,NULL,NULL
9921631002,1920079,1919019,2022-01-16 15:00:00,99216310,NULL,NULL
9921631003,1914030,1919061,2022-01-16 15:00:00,99216310,NULL,NULL
9921631004,1919005,1919007,2022-01-16 15:00:00,99216310,NULL,NULL
9921631005,1919011,1919049,2022-01-16 15:00:00,99216310,NULL,NULL
9921631101,1919019,1920055,2022-01-23 15:00:00,99216311,NULL,NULL
9921631102,1919061,1920079,2022-01-23 15:00:00,99216311,NULL,NULL
9921631103,1919007,1914030,2022-01-23 15:00:00,99216311,NULL,NULL
9921631104,1919049,1919005,2022-01-23 15:00:00,99216311,NULL,NULL
9921631105,1919011,1919025,2022-01-23 15:00:00,99216311,NULL,NULL
9921631201,1920055,1919061,2022-01-30 15:00:00,99216312,NULL,NULL
9921631202,1920079,1919007,2022-01-30 15:00:00,99216312,NULL,NULL
9921631203,1914030,1919049,2022-01-30 15:00:00,99216312,NULL,NULL
9921631204,1919005,1919011,2022-01-30 15:00:00,99216312,NULL,NULL
9921631205,1919025,1919019,2022-01-30 15:00:00,99216312,NULL,NULL
9921631301,1919007,1920055,2022-02-20 15:00:00,99216313,NULL,NULL
9921631302,1919049,1920079,2022-02-20 15:00:00,99216313,NULL,NULL
9921631303,1919011,1914030,2022-02-20 15:00:00,99216313,NULL,NULL
9921631304,1919005,1919025,2022-02-20 15:00:00,99216313,NULL,NULL
9921631305,1919061,1919019,2022-02-20 15:00:00,99216313,NULL,NULL
9921631401,1920055,1919049,2022-02-27 15:00:00,99216314,NULL,NULL
9921631402,1920079,1919011,2022-02-27 15:00:00,99216314,NULL,NULL
9921631403,1914030,1919005,2022-02-27 15:00:00,99216314,NULL,NULL
9921631404,1919019,1919007,2022-02-27 15:00:00,99216314,NULL,NULL
9921631405,1919025,1919061,2022-02-27 15:00:00,99216314,NULL,NULL
9921631501,1919011,1920055,2022-03-06 15:00:00,99216315,NULL,NULL
9921631502,1919005,1920079,2022-03-06 15:00:00,99216315,NULL,NULL
9921631503,1914030,1919025,2022-03-06 15:00:00,99216315,NULL,NULL
9921631504,1919049,1919019,2022-03-06 15:00:00,99216315,NULL,NULL
9921631505,1919007,1919061,2022-03-06 15:00:00,99216315,NULL,NULL
9921631601,1920055,1919005,2022-03-27 15:00:00,99216316,NULL,NULL
9921631602,1920079,1914030,2022-03-27 15:00:00,99216316,NULL,NULL
9921631603,1919019,1919011,2022-03-27 15:00:00,99216316,NULL,NULL
9921631604,1919061,1919049,2022-03-27 15:00:00,99216316,NULL,NULL
9921631605,1919025,1919007,2022-03-27 15:00:00,99216316,NULL,NULL
9921631701,1914030,1920055,2022-04-03 15:00:00,99216317,NULL,NULL
9921631702,1920079,1919025,2022-04-03 15:00:00,99216317,NULL,NULL
9921631703,1919005,1919019,2022-04-03 15:00:00,99216317,NULL,NULL
9921631704,1919011,1919061,2022-04-03 15:00:00,99216317,NULL,NULL
9921631705,1919049,1919007,2022-04-03 15:00:00,99216317,NULL,NULL
9921631801,1920055,1920079,2022-04-10 15:00:00,99216318,NULL,NULL
9921631802,1919019,1914030,2022-04-10 15:00:00,99216318,NULL,NULL
9921631803,1919061,1919005,2022-04-10 15:00:00,99216318,NULL,NULL
9921631804,1919007,1919011,2022-04-10 15:00:00,99216318,NULL,NULL
9921631805,1919025,1919049,2022-04-10 15:00:00,99216318,NULL,NULL
9921640101,9916505,1932032,2021-09-26 15:00:00,99216401,NULL,NULL
9921640102,1932039,1932005,2021-09-26 15:00:00,99216401,NULL,NULL
9921640103,2029034,1932056,2021-09-26 15:00:00,99216401,NULL,NULL
9921640104,1932070,1920004,2021-09-26 15:00:00,99216401,NULL,NULL
9921640105,1932075,2029090,2021-09-26 15:00:00,99216401,NULL,NULL
9921640201,1932032,1932039,2021-10-03 15:00:00,99216402,NULL,NULL
9921640202,1932005,2029034,2021-10-03 15:00:00,99216402,NULL,NULL
9921640203,1932056,1932070,2021-10-03 15:00:00,99216402,NULL,NULL
9921640204,1920004,1932075,2021-10-03 15:00:00,99216402,NULL,NULL
9921640205,9916505,2029090,2021-10-03 15:00:00,99216402,NULL,NULL
9921640301,2029034,1932032,2021-10-10 15:00:00,99216403,NULL,NULL
9921640302,1932070,1932005,2021-10-10 15:00:00,99216403,NULL,NULL
9921640303,1932075,1932056,2021-10-10 15:00:00,99216403,NULL,NULL
9921640304,2029090,1920004,2021-10-10 15:00:00,99216403,NULL,NULL
9921640305,1932039,9916505,2021-10-10 15:00:00,99216403,NULL,NULL
9921640401,1932032,1932070,2021-10-24 15:00:00,99216404,NULL,NULL
9921640402,1932005,1932075,2021-10-24 15:00:00,99216404,NULL,NULL
9921640403,1932056,2029090,2021-10-24 15:00:00,99216404,NULL,NULL
9921640404,9916505,1920004,2021-10-24 15:00:00,99216404,NULL,NULL
9921640405,1932039,2029034,2021-10-24 15:00:00,99216404,NULL,NULL
9921640501,1932075,1932032,2021-10-31 15:00:00,99216405,NULL,NULL
9921640502,2029090,1932005,2021-10-31 15:00:00,99216405,NULL,NULL
9921640503,1920004,1932056,2021-10-31 15:00:00,99216405,NULL,NULL
9921640504,1932070,1932039,2021-10-31 15:00:00,99216405,NULL,NULL
9921640505,2029034,9916505,2021-10-31 15:00:00,99216405,NULL,NULL
9921640601,1932032,2029090,2021-11-07 15:00:00,99216406,NULL,NULL
9921640602,1932005,1920004,2021-11-07 15:00:00,99216406,NULL,NULL
9921640603,9916505,1932056,2021-11-07 15:00:00,99216406,NULL,NULL
9921640604,1932039,1932075,2021-11-07 15:00:00,99216406,NULL,NULL
9921640605,2029034,1932070,2021-11-07 15:00:00,99216406,NULL,NULL
9921640701,1920004,1932032,2021-11-21 15:00:00,99216407,NULL,NULL
9921640702,1932056,1932005,2021-11-21 15:00:00,99216407,NULL,NULL
9921640703,2029090,1932039,2021-11-21 15:00:00,99216407,NULL,NULL
9921640704,1932075,2029034,2021-11-21 15:00:00,99216407,NULL,NULL
9921640705,1932070,9916505,2021-11-21 15:00:00,99216407,NULL,NULL
9921640801,1932032,1932056,2021-11-28 15:00:00,99216408,NULL,NULL
9921640802,9916505,1932005,2021-11-28 15:00:00,99216408,NULL,NULL
9921640803,1932039,1920004,2021-11-28 15:00:00,99216408,NULL,NULL
9921640804,2029034,2029090,2021-11-28 15:00:00,99216408,NULL,NULL
9921640805,1932070,1932075,2021-11-28 15:00:00,99216408,NULL,NULL
9921640901,1932005,1932032,2021-12-12 15:00:00,99216409,NULL,NULL
9921640902,1932056,1932039,2021-12-12 15:00:00,99216409,NULL,NULL
9921640903,1920004,2029034,2021-12-12 15:00:00,99216409,NULL,NULL
9921640904,2029090,1932070,2021-12-12 15:00:00,99216409,NULL,NULL
9921640905,1932075,9916505,2021-12-12 15:00:00,99216409,NULL,NULL
9921641001,1932032,9916505,2022-01-16 15:00:00,99216410,NULL,NULL
9921641002,1932005,1932039,2022-01-16 15:00:00,99216410,NULL,NULL
9921641003,1932056,2029034,2022-01-16 15:00:00,99216410,NULL,NULL
9921641004,1920004,1932070,2022-01-16 15:00:00,99216410,NULL,NULL
9921641005,2029090,1932075,2022-01-16 15:00:00,99216410,NULL,NULL
9921641101,1932039,1932032,2022-01-23 15:00:00,99216411,NULL,NULL
9921641102,2029034,1932005,2022-01-23 15:00:00,99216411,NULL,NULL
9921641103,1932070,1932056,2022-01-23 15:00:00,99216411,NULL,NULL
9921641104,1932075,1920004,2022-01-23 15:00:00,99216411,NULL,NULL
9921641105,2029090,9916505,2022-01-23 15:00:00,99216411,NULL,NULL
9921641201,1932032,2029034,2022-01-30 15:00:00,99216412,NULL,NULL
9921641202,1932005,1932070,2022-01-30 15:00:00,99216412,NULL,NULL
9921641203,1932056,1932075,2022-01-30 15:00:00,99216412,NULL,NULL
9921641204,1920004,2029090,2022-01-30 15:00:00,99216412,NULL,NULL
9921641205,9916505,1932039,2022-01-30 15:00:00,99216412,NULL,NULL
9921641301,1932070,1932032,2022-02-20 15:00:00,99216413,NULL,NULL
9921641302,1932075,1932005,2022-02-20 15:00:00,99216413,NULL,NULL
9921641303,2029090,1932056,2022-02-20 15:00:00,99216413,NULL,NULL
9921641304,1920004,9916505,2022-02-20 15:00:00,99216413,NULL,NULL
9921641305,2029034,1932039,2022-02-20 15:00:00,99216413,NULL,NULL
9921641401,1932032,1932075,2022-02-27 15:00:00,99216414,NULL,NULL
9921641402,1932005,2029090,2022-02-27 15:00:00,99216414,NULL,NULL
9921641403,1932056,1920004,2022-02-27 15:00:00,99216414,NULL,NULL
9921641404,1932039,1932070,2022-02-27 15:00:00,99216414,NULL,NULL
9921641405,9916505,2029034,2022-02-27 15:00:00,99216414,NULL,NULL
9921641501,2029090,1932032,2022-03-06 15:00:00,99216415,NULL,NULL
9921641502,1920004,1932005,2022-03-06 15:00:00,99216415,NULL,NULL
9921641503,1932056,9916505,2022-03-06 15:00:00,99216415,NULL,NULL
9921641504,1932075,1932039,2022-03-06 15:00:00,99216415,NULL,NULL
9921641505,1932070,2029034,2022-03-06 15:00:00,99216415,NULL,NULL
9921641601,1932032,1920004,2022-03-27 15:00:00,99216416,NULL,NULL
9921641602,1932005,1932056,2022-03-27 15:00:00,99216416,NULL,NULL
9921641603,1932039,2029090,2022-03-27 15:00:00,99216416,NULL,NULL
9921641604,2029034,1932075,2022-03-27 15:00:00,99216416,NULL,NULL
9921641605,9916505,1932070,2022-03-27 15:00:00,99216416,NULL,NULL
9921641701,1932056,1932032,2022-04-03 15:00:00,99216417,NULL,NULL
9921641702,1932005,9916505,2022-04-03 15:00:00,99216417,NULL,NULL
9921641703,1920004,1932039,2022-04-03 15:00:00,99216417,NULL,NULL
9921641704,2029090,2029034,2022-04-03 15:00:00,99216417,NULL,NULL
9921641705,1932075,1932070,2022-04-03 15:00:00,99216417,NULL,NULL
9921641801,1932032,1932005,2022-04-10 15:00:00,99216418,NULL,NULL
9921641802,1932039,1932056,2022-04-10 15:00:00,99216418,NULL,NULL
9921641803,2029034,1920004,2022-04-10 15:00:00,99216418,NULL,NULL
9921641804,1932070,2029090,2022-04-10 15:00:00,99216418,NULL,NULL
9921641805,9916505,1932075,2022-04-10 15:00:00,99216418,NULL,NULL
9921650101,1927068,1932041,2021-09-26 15:00:00,99216501,NULL,NULL
9921650102,1013049,1927018,2021-09-26 15:00:00,99216501,NULL,NULL
9921650103,2029040,1927051,2021-09-26 15:00:00,99216501,NULL,NULL
9921650104,1027057,1927003,2021-09-26 15:00:00,99216501,NULL,NULL
9921650105,1927026,1927067,2021-09-26 15:00:00,99216501,NULL,NULL
9921650201,1932041,1013049,2021-10-03 15:00:00,99216502,NULL,NULL
9921650202,1927018,2029040,2021-10-03 15:00:00,99216502,NULL,NULL
9921650203,1927051,1027057,2021-10-03 15:00:00,99216502,NULL,NULL
9921650204,1927003,1927026,2021-10-03 15:00:00,99216502,NULL,NULL
9921650205,1927068,1927067,2021-10-03 15:00:00,99216502,NULL,NULL
9921650301,2029040,1932041,2021-10-10 15:00:00,99216503,NULL,NULL
9921650302,1027057,1927018,2021-10-10 15:00:00,99216503,NULL,NULL
9921650303,1927026,1927051,2021-10-10 15:00:00,99216503,NULL,NULL
9921650304,1927067,1927003,2021-10-10 15:00:00,99216503,NULL,NULL
9921650305,1013049,1927068,2021-10-10 15:00:00,99216503,NULL,NULL
9921650401,1932041,1027057,2021-10-24 15:00:00,99216504,NULL,NULL
9921650402,1927018,1927026,2021-10-24 15:00:00,99216504,NULL,NULL
9921650403,1927051,1927067,2021-10-24 15:00:00,99216504,NULL,NULL
9921650404,1927068,1927003,2021-10-24 15:00:00,99216504,NULL,NULL
9921650405,1013049,2029040,2021-10-24 15:00:00,99216504,NULL,NULL
9921650501,1927026,1932041,2021-10-31 15:00:00,99216505,NULL,NULL
9921650502,1927067,1927018,2021-10-31 15:00:00,99216505,NULL,NULL
9921650503,1927003,1927051,2021-10-31 15:00:00,99216505,NULL,NULL
9921650504,1027057,1013049,2021-10-31 15:00:00,99216505,NULL,NULL
9921650505,2029040,1927068,2021-10-31 15:00:00,99216505,NULL,NULL
9921650601,1932041,1927067,2021-11-07 15:00:00,99216506,NULL,NULL
9921650602,1927018,1927003,2021-11-07 15:00:00,99216506,NULL,NULL
9921650603,1927068,1927051,2021-11-07 15:00:00,99216506,NULL,NULL
9921650604,1013049,1927026,2021-11-07 15:00:00,99216506,NULL,NULL
9921650605,2029040,1027057,2021-11-07 15:00:00,99216506,NULL,NULL
9921650701,1927003,1932041,2021-11-21 15:00:00,99216507,NULL,NULL
9921650702,1927051,1927018,2021-11-21 15:00:00,99216507,NULL,NULL
9921650703,1927067,1013049,2021-11-21 15:00:00,99216507,NULL,NULL
9921650704,1927026,2029040,2021-11-21 15:00:00,99216507,NULL,NULL
9921650705,1027057,1927068,2021-11-21 15:00:00,99216507,NULL,NULL
9921650801,1932041,1927051,2021-11-28 15:00:00,99216508,NULL,NULL
9921650802,1927068,1927018,2021-11-28 15:00:00,99216508,NULL,NULL
9921650803,1013049,1927003,2021-11-28 15:00:00,99216508,NULL,NULL
9921650804,2029040,1927067,2021-11-28 15:00:00,99216508,NULL,NULL
9921650805,1027057,1927026,2021-11-28 15:00:00,99216508,NULL,NULL
9921650901,1927018,1932041,2021-12-12 15:00:00,99216509,NULL,NULL
9921650902,1927051,1013049,2021-12-12 15:00:00,99216509,NULL,NULL
9921650903,1927003,2029040,2021-12-12 15:00:00,99216509,NULL,NULL
9921650904,1927067,1027057,2021-12-12 15:00:00,99216509,NULL,NULL
9921650905,1927026,1927068,2021-12-12 15:00:00,99216509,NULL,NULL
9921651001,1932041,1927068,2022-01-16 15:00:00,99216510,NULL,NULL
9921651002,1927018,1013049,2022-01-16 15:00:00,99216510,NULL,NULL
9921651003,1927051,2029040,2022-01-16 15:00:00,99216510,NULL,NULL
9921651004,1927003,1027057,2022-01-16 15:00:00,99216510,NULL,NULL
9921651005,1927067,1927026,2022-01-16 15:00:00,99216510,NULL,NULL
9921651101,1013049,1932041,2022-01-23 15:00:00,99216511,NULL,NULL
9921651102,2029040,1927018,2022-01-23 15:00:00,99216511,NULL,NULL
9921651103,1027057,1927051,2022-01-23 15:00:00,99216511,NULL,NULL
9921651104,1927026,1927003,2022-01-23 15:00:00,99216511,NULL,NULL
9921651105,1927067,1927068,2022-01-23 15:00:00,99216511,NULL,NULL
9921651201,1932041,2029040,2022-01-30 15:00:00,99216512,NULL,NULL
9921651202,1927018,1027057,2022-01-30 15:00:00,99216512,NULL,NULL
9921651203,1927051,1927026,2022-01-30 15:00:00,99216512,NULL,NULL
9921651204,1927003,1927067,2022-01-30 15:00:00,99216512,NULL,NULL
9921651205,1927068,1013049,2022-01-30 15:00:00,99216512,NULL,NULL
9921651301,1027057,1932041,2022-02-20 15:00:00,99216513,NULL,NULL
9921651302,1927026,1927018,2022-02-20 15:00:00,99216513,NULL,NULL
9921651303,1927067,1927051,2022-02-20 15:00:00,99216513,NULL,NULL
9921651304,1927003,1927068,2022-02-20 15:00:00,99216513,NULL,NULL
9921651305,2029040,1013049,2022-02-20 15:00:00,99216513,NULL,NULL
9921651401,1932041,1927026,2022-02-27 15:00:00,99216514,NULL,NULL
9921651402,1927018,1927067,2022-02-27 15:00:00,99216514,NULL,NULL
9921651403,1927051,1927003,2022-02-27 15:00:00,99216514,NULL,NULL
9921651404,1013049,1027057,2022-02-27 15:00:00,99216514,NULL,NULL
9921651405,1927068,2029040,2022-02-27 15:00:00,99216514,NULL,NULL
9921651501,1927067,1932041,2022-03-06 15:00:00,99216515,NULL,NULL
9921651502,1927003,1927018,2022-03-06 15:00:00,99216515,NULL,NULL
9921651503,1927051,1927068,2022-03-06 15:00:00,99216515,NULL,NULL
9921651504,1927026,1013049,2022-03-06 15:00:00,99216515,NULL,NULL
9921651505,1027057,2029040,2022-03-06 15:00:00,99216515,NULL,NULL
9921651601,1932041,1927003,2022-03-27 15:00:00,99216516,NULL,NULL
9921651602,1927018,1927051,2022-03-27 15:00:00,99216516,NULL,NULL
9921651603,1013049,1927067,2022-03-27 15:00:00,99216516,NULL,NULL
9921651604,2029040,1927026,2022-03-27 15:00:00,99216516,NULL,NULL
9921651605,1927068,1027057,2022-03-27 15:00:00,99216516,NULL,NULL
9921651701,1927051,1932041,2022-04-03 15:00:00,99216517,NULL,NULL
9921651702,1927018,1927068,2022-04-03 15:00:00,99216517,NULL,NULL
9921651703,1927003,1013049,2022-04-03 15:00:00,99216517,NULL,NULL
9921651704,1927067,2029040,2022-04-03 15:00:00,99216517,NULL,NULL
9921651705,1927026,1027057,2022-04-03 15:00:00,99216517,NULL,NULL
9921651801,1932041,1927018,2022-04-10 15:00:00,99216518,NULL,NULL
9921651802,1013049,1927051,2022-04-10 15:00:00,99216518,NULL,NULL
9921651803,2029040,1927003,2022-04-10 15:00:00,99216518,NULL,NULL
9921651804,1027057,1927067,2022-04-10 15:00:00,99216518,NULL,NULL
9921651805,1927068,1927026,2022-04-10 15:00:00,99216518,NULL,NULL
9921660101,1920053,1920027,2021-09-26 15:00:00,99216601,NULL,NULL
9921660102,1920017,1932062,2021-09-26 15:00:00,99216601,NULL,NULL
9921660103,1932073,1920009,2021-09-26 15:00:00,99216601,NULL,NULL
9921660104,1920045,1920062,2021-09-26 15:00:00,99216601,NULL,NULL
9921660105,1920041,1933035,2021-09-26 15:00:00,99216601,NULL,NULL
9921660201,1920027,1920017,2021-10-03 15:00:00,99216602,NULL,NULL
9921660202,1932062,1932073,2021-10-03 15:00:00,99216602,NULL,NULL
9921660203,1920009,1920045,2021-10-03 15:00:00,99216602,NULL,NULL
9921660204,1920062,1920041,2021-10-03 15:00:00,99216602,NULL,NULL
9921660205,1920053,1933035,2021-10-03 15:00:00,99216602,NULL,NULL
9921660301,1932073,1920027,2021-10-10 15:00:00,99216603,NULL,NULL
9921660302,1920045,1932062,2021-10-10 15:00:00,99216603,NULL,NULL
9921660303,1920041,1920009,2021-10-10 15:00:00,99216603,NULL,NULL
9921660304,1933035,1920062,2021-10-10 15:00:00,99216603,NULL,NULL
9921660305,1920017,1920053,2021-10-10 15:00:00,99216603,NULL,NULL
9921660401,1920027,1920045,2021-10-24 15:00:00,99216604,NULL,NULL
9921660402,1932062,1920041,2021-10-24 15:00:00,99216604,NULL,NULL
9921660403,1920009,1933035,2021-10-24 15:00:00,99216604,NULL,NULL
9921660404,1920053,1920062,2021-10-24 15:00:00,99216604,NULL,NULL
9921660405,1920017,1932073,2021-10-24 15:00:00,99216604,NULL,NULL
9921660501,1920041,1920027,2021-10-31 15:00:00,99216605,NULL,NULL
9921660502,1933035,1932062,2021-10-31 15:00:00,99216605,NULL,NULL
9921660503,1920062,1920009,2021-10-31 15:00:00,99216605,NULL,NULL
9921660504,1920045,1920017,2021-10-31 15:00:00,99216605,NULL,NULL
9921660505,1932073,1920053,2021-10-31 15:00:00,99216605,NULL,NULL
9921660601,1920027,1933035,2021-11-07 15:00:00,99216606,NULL,NULL
9921660602,1932062,1920062,2021-11-07 15:00:00,99216606,NULL,NULL
9921660603,1920053,1920009,2021-11-07 15:00:00,99216606,NULL,NULL
9921660604,1920017,1920041,2021-11-07 15:00:00,99216606,NULL,NULL
9921660605,1932073,1920045,2021-11-07 15:00:00,99216606,NULL,NULL
9921660701,1920062,1920027,2021-11-21 15:00:00,99216607,NULL,NULL
9921660702,1920009,1932062,2021-11-21 15:00:00,99216607,NULL,NULL
9921660703,1933035,1920017,2021-11-21 15:00:00,99216607,NULL,NULL
9921660704,1920041,1932073,2021-11-21 15:00:00,99216607,NULL,NULL
9921660705,1920045,1920053,2021-11-21 15:00:00,99216607,NULL,NULL
9921660801,1920027,1920009,2021-11-28 15:00:00,99216608,NULL,NULL
9921660802,1920053,1932062,2021-11-28 15:00:00,99216608,NULL,NULL
9921660803,1920017,1920062,2021-11-28 15:00:00,99216608,NULL,NULL
9921660804,1932073,1933035,2021-11-28 15:00:00,99216608,NULL,NULL
9921660805,1920045,1920041,2021-11-28 15:00:00,99216608,NULL,NULL
9921660901,1932062,1920027,2021-12-12 15:00:00,99216609,NULL,NULL
9921660902,1920009,1920017,2021-12-12 15:00:00,99216609,NULL,NULL
9921660903,1920062,1932073,2021-12-12 15:00:00,99216609,NULL,NULL
9921660904,1933035,1920045,2021-12-12 15:00:00,99216609,NULL,NULL
9921660905,1920041,1920053,2021-12-12 15:00:00,99216609,NULL,NULL
9921661001,1920027,1920053,2022-01-16 15:00:00,99216610,NULL,NULL
9921661002,1932062,1920017,2022-01-16 15:00:00,99216610,NULL,NULL
9921661003,1920009,1932073,2022-01-16 15:00:00,99216610,NULL,NULL
9921661004,1920062,1920045,2022-01-16 15:00:00,99216610,NULL,NULL
9921661005,1933035,1920041,2022-01-16 15:00:00,99216610,NULL,NULL
9921661101,1920017,1920027,2022-01-23 15:00:00,99216611,NULL,NULL
9921661102,1932073,1932062,2022-01-23 15:00:00,99216611,NULL,NULL
9921661103,1920045,1920009,2022-01-23 15:00:00,99216611,NULL,NULL
9921661104,1920041,1920062,2022-01-23 15:00:00,99216611,NULL,NULL
9921661105,1933035,1920053,2022-01-23 15:00:00,99216611,NULL,NULL
9921661201,1920027,1932073,2022-01-30 15:00:00,99216612,NULL,NULL
9921661202,1932062,1920045,2022-01-30 15:00:00,99216612,NULL,NULL
9921661203,1920009,1920041,2022-01-30 15:00:00,99216612,NULL,NULL
9921661204,1920062,1933035,2022-01-30 15:00:00,99216612,NULL,NULL
9921661205,1920053,1920017,2022-01-30 15:00:00,99216612,NULL,NULL
9921661301,1920045,1920027,2022-02-20 15:00:00,99216613,NULL,NULL
9921661302,1920041,1932062,2022-02-20 15:00:00,99216613,NULL,NULL
9921661303,1933035,1920009,2022-02-20 15:00:00,99216613,NULL,NULL
9921661304,1920062,1920053,2022-02-20 15:00:00,99216613,NULL,NULL
9921661305,1932073,1920017,2022-02-20 15:00:00,99216613,NULL,NULL
9921661401,1920027,1920041,2022-02-27 15:00:00,99216614,NULL,NULL
9921661402,1932062,1933035,2022-02-27 15:00:00,99216614,NULL,NULL
9921661403,1920009,1920062,2022-02-27 15:00:00,99216614,NULL,NULL
9921661404,1920017,1920045,2022-02-27 15:00:00,99216614,NULL,NULL
9921661405,1920053,1932073,2022-02-27 15:00:00,99216614,NULL,NULL
9921661501,1933035,1920027,2022-03-06 15:00:00,99216615,NULL,NULL
9921661502,1920062,1932062,2022-03-06 15:00:00,99216615,NULL,NULL
9921661503,1920009,1920053,2022-03-06 15:00:00,99216615,NULL,NULL
9921661504,1920041,1920017,2022-03-06 15:00:00,99216615,NULL,NULL
9921661505,1920045,1932073,2022-03-06 15:00:00,99216615,NULL,NULL
9921661601,1920027,1920062,2022-03-27 15:00:00,99216616,NULL,NULL
9921661602,1932062,1920009,2022-03-27 15:00:00,99216616,NULL,NULL
9921661603,1920017,1933035,2022-03-27 15:00:00,99216616,NULL,NULL
9921661604,1932073,1920041,2022-03-27 15:00:00,99216616,NULL,NULL
9921661605,1920053,1920045,2022-03-27 15:00:00,99216616,NULL,NULL
9921661701,1920009,1920027,2022-04-03 15:00:00,99216617,NULL,NULL
9921661702,1932062,1920053,2022-04-03 15:00:00,99216617,NULL,NULL
9921661703,1920062,1920017,2022-04-03 15:00:00,99216617,NULL,NULL
9921661704,1933035,1932073,2022-04-03 15:00:00,99216617,NULL,NULL
9921661705,1920041,1920045,2022-04-03 15:00:00,99216617,NULL,NULL
9921661801,1920027,1932062,2022-04-10 15:00:00,99216618,NULL,NULL
9921661802,1920017,1920009,2022-04-10 15:00:00,99216618,NULL,NULL
9921661803,1932073,1920062,2022-04-10 15:00:00,99216618,NULL,NULL
9921661804,1920045,1933035,2022-04-10 15:00:00,99216618,NULL,NULL
9921661805,1920053,1920041,2022-04-10 15:00:00,99216618,NULL,NULL
9921670101,1317031,1317018,2021-09-26 15:00:00,99216701,NULL,NULL
9921670102,1317033,1115002,2021-09-26 15:00:00,99216701,NULL,NULL
9921670103,1115058,1927022,2021-09-26 15:00:00,99216701,NULL,NULL
9921670104,1013072,1013021,2021-09-26 15:00:00,99216701,NULL,NULL
9921670105,1013042,1317029,2021-09-26 15:00:00,99216701,NULL,NULL
9921670201,1317018,1317033,2021-10-03 15:00:00,99216702,NULL,NULL
9921670202,1115002,1115058,2021-10-03 15:00:00,99216702,NULL,NULL
9921670203,1927022,1013072,2021-10-03 15:00:00,99216702,NULL,NULL
9921670204,1013021,1013042,2021-10-03 15:00:00,99216702,NULL,NULL
9921670205,1317031,1317029,2021-10-03 15:00:00,99216702,NULL,NULL
9921670301,1115058,1317018,2021-10-10 15:00:00,99216703,NULL,NULL
9921670302,1013072,1115002,2021-10-10 15:00:00,99216703,NULL,NULL
9921670303,1013042,1927022,2021-10-10 15:00:00,99216703,NULL,NULL
9921670304,1317029,1013021,2021-10-10 15:00:00,99216703,NULL,NULL
9921670305,1317033,1317031,2021-10-10 15:00:00,99216703,NULL,NULL
9921670401,1317018,1013072,2021-10-24 15:00:00,99216704,NULL,NULL
9921670402,1115002,1013042,2021-10-24 15:00:00,99216704,NULL,NULL
9921670403,1927022,1317029,2021-10-24 15:00:00,99216704,NULL,NULL
9921670404,1317031,1013021,2021-10-24 15:00:00,99216704,NULL,NULL
9921670405,1317033,1115058,2021-10-24 15:00:00,99216704,NULL,NULL
9921670501,1013042,1317018,2021-10-31 15:00:00,99216705,NULL,NULL
9921670502,1317029,1115002,2021-10-31 15:00:00,99216705,NULL,NULL
9921670503,1013021,1927022,2021-10-31 15:00:00,99216705,NULL,NULL
9921670504,1013072,1317033,2021-10-31 15:00:00,99216705,NULL,NULL
9921670505,1115058,1317031,2021-10-31 15:00:00,99216705,NULL,NULL
9921670601,1317018,1317029,2021-11-07 15:00:00,99216706,NULL,NULL
9921670602,1115002,1013021,2021-11-07 15:00:00,99216706,NULL,NULL
9921670603,1317031,1927022,2021-11-07 15:00:00,99216706,NULL,NULL
9921670604,1317033,1013042,2021-11-07 15:00:00,99216706,NULL,NULL
9921670605,1115058,1013072,2021-11-07 15:00:00,99216706,NULL,NULL
9921670701,1013021,1317018,2021-11-21 15:00:00,99216707,NULL,NULL
9921670702,1927022,1115002,2021-11-21 15:00:00,99216707,NULL,NULL
9921670703,1317029,1317033,2021-11-21 15:00:00,99216707,NULL,NULL
9921670704,1013042,1115058,2021-11-21 15:00:00,99216707,NULL,NULL
9921670705,1013072,1317031,2021-11-21 15:00:00,99216707,NULL,NULL
9921670801,1317018,1927022,2021-11-28 15:00:00,99216708,NULL,NULL
9921670802,1317031,1115002,2021-11-28 15:00:00,99216708,NULL,NULL
9921670803,1317033,1013021,2021-11-28 15:00:00,99216708,NULL,NULL
9921670804,1115058,1317029,2021-11-28 15:00:00,99216708,NULL,NULL
9921670805,1013072,1013042,2021-11-28 15:00:00,99216708,NULL,NULL
9921670901,1115002,1317018,2021-12-12 15:00:00,99216709,NULL,NULL
9921670902,1927022,1317033,2021-12-12 15:00:00,99216709,NULL,NULL
9921670903,1013021,1115058,2021-12-12 15:00:00,99216709,NULL,NULL
9921670904,1317029,1013072,2021-12-12 15:00:00,99216709,NULL,NULL
9921670905,1013042,1317031,2021-12-12 15:00:00,99216709,NULL,NULL
9921671001,1317018,1317031,2022-01-16 15:00:00,99216710,NULL,NULL
9921671002,1115002,1317033,2022-01-16 15:00:00,99216710,NULL,NULL
9921671003,1927022,1115058,2022-01-16 15:00:00,99216710,NULL,NULL
9921671004,1013021,1013072,2022-01-16 15:00:00,99216710,NULL,NULL
9921671005,1317029,1013042,2022-01-16 15:00:00,99216710,NULL,NULL
9921671101,1317033,1317018,2022-01-23 15:00:00,99216711,NULL,NULL
9921671102,1115058,1115002,2022-01-23 15:00:00,99216711,NULL,NULL
9921671103,1013072,1927022,2022-01-23 15:00:00,99216711,NULL,NULL
9921671104,1013042,1013021,2022-01-23 15:00:00,99216711,NULL,NULL
9921671105,1317029,1317031,2022-01-23 15:00:00,99216711,NULL,NULL
9921671201,1317018,1115058,2022-01-30 15:00:00,99216712,NULL,NULL
9921671202,1115002,1013072,2022-01-30 15:00:00,99216712,NULL,NULL
9921671203,1927022,1013042,2022-01-30 15:00:00,99216712,NULL,NULL
9921671204,1013021,1317029,2022-01-30 15:00:00,99216712,NULL,NULL
9921671205,1317031,1317033,2022-01-30 15:00:00,99216712,NULL,NULL
9921671301,1013072,1317018,2022-02-20 15:00:00,99216713,NULL,NULL
9921671302,1013042,1115002,2022-02-20 15:00:00,99216713,NULL,NULL
9921671303,1317029,1927022,2022-02-20 15:00:00,99216713,NULL,NULL
9921671304,1013021,1317031,2022-02-20 15:00:00,99216713,NULL,NULL
9921671305,1115058,1317033,2022-02-20 15:00:00,99216713,NULL,NULL
9921671401,1317018,1013042,2022-02-27 15:00:00,99216714,NULL,NULL
9921671402,1115002,1317029,2022-02-27 15:00:00,99216714,NULL,NULL
9921671403,1927022,1013021,2022-02-27 15:00:00,99216714,NULL,NULL
9921671404,1317033,1013072,2022-02-27 15:00:00,99216714,NULL,NULL
9921671405,1317031,1115058,2022-02-27 15:00:00,99216714,NULL,NULL
9921671501,1317029,1317018,2022-03-06 15:00:00,99216715,NULL,NULL
9921671502,1013021,1115002,2022-03-06 15:00:00,99216715,NULL,NULL
9921671503,1927022,1317031,2022-03-06 15:00:00,99216715,NULL,NULL
9921671504,1013042,1317033,2022-03-06 15:00:00,99216715,NULL,NULL
9921671505,1013072,1115058,2022-03-06 15:00:00,99216715,NULL,NULL
9921671601,1317018,1013021,2022-03-27 15:00:00,99216716,NULL,NULL
9921671602,1115002,1927022,2022-03-27 15:00:00,99216716,NULL,NULL
9921671603,1317033,1317029,2022-03-27 15:00:00,99216716,NULL,NULL
9921671604,1115058,1013042,2022-03-27 15:00:00,99216716,NULL,NULL
9921671605,1317031,1013072,2022-03-27 15:00:00,99216716,NULL,NULL
9921671701,1927022,1317018,2022-04-03 15:00:00,99216717,NULL,NULL
9921671702,1115002,1317031,2022-04-03 15:00:00,99216717,NULL,NULL
9921671703,1013021,1317033,2022-04-03 15:00:00,99216717,NULL,NULL
9921671704,1317029,1115058,2022-04-03 15:00:00,99216717,NULL,NULL
9921671705,1013042,1013072,2022-04-03 15:00:00,99216717,NULL,NULL
9921671801,1317018,1115002,2022-04-10 15:00:00,99216718,NULL,NULL
9921671802,1317033,1927022,2022-04-10 15:00:00,99216718,NULL,NULL
9921671803,1115058,1013021,2022-04-10 15:00:00,99216718,NULL,NULL
9921671804,1013072,1317029,2022-04-10 15:00:00,99216718,NULL,NULL
9921671805,1317031,1013042,2022-04-10 15:00:00,99216718,NULL,NULL
9921680101,1317046,1725035,2021-09-26 15:00:00,99216801,NULL,NULL
9921680102,1725122,1317006,2021-09-26 15:00:00,99216801,NULL,NULL
9921680103,1317032,2131021,2021-09-26 15:00:00,99216801,NULL,NULL
9921680104,2131002,1725177,2021-09-26 15:00:00,99216801,NULL,NULL
9921680105,1317019,1725166,2021-09-26 15:00:00,99216801,NULL,NULL
9921680201,1725035,1725122,2021-10-03 15:00:00,99216802,NULL,NULL
9921680202,1317006,1317032,2021-10-03 15:00:00,99216802,NULL,NULL
9921680203,2131021,2131002,2021-10-03 15:00:00,99216802,NULL,NULL
9921680204,1725177,1317019,2021-10-03 15:00:00,99216802,NULL,NULL
9921680205,1317046,1725166,2021-10-03 15:00:00,99216802,NULL,NULL
9921680301,1317032,1725035,2021-10-10 15:00:00,99216803,NULL,NULL
9921680302,2131002,1317006,2021-10-10 15:00:00,99216803,NULL,NULL
9921680303,1317019,2131021,2021-10-10 15:00:00,99216803,NULL,NULL
9921680304,1725166,1725177,2021-10-10 15:00:00,99216803,NULL,NULL
9921680305,1725122,1317046,2021-10-10 15:00:00,99216803,NULL,NULL
9921680401,1725035,2131002,2021-10-24 15:00:00,99216804,NULL,NULL
9921680402,1317006,1317019,2021-10-24 15:00:00,99216804,NULL,NULL
9921680403,2131021,1725166,2021-10-24 15:00:00,99216804,NULL,NULL
9921680404,1317046,1725177,2021-10-24 15:00:00,99216804,NULL,NULL
9921680405,1725122,1317032,2021-10-24 15:00:00,99216804,NULL,NULL
9921680501,1317019,1725035,2021-10-31 15:00:00,99216805,NULL,NULL
9921680502,1725166,1317006,2021-10-31 15:00:00,99216805,NULL,NULL
9921680503,1725177,2131021,2021-10-31 15:00:00,99216805,NULL,NULL
9921680504,2131002,1725122,2021-10-31 15:00:00,99216805,NULL,NULL
9921680505,1317032,1317046,2021-10-31 15:00:00,99216805,NULL,NULL
9921680601,1725035,1725166,2021-11-07 15:00:00,99216806,NULL,NULL
9921680602,1317006,1725177,2021-11-07 15:00:00,99216806,NULL,NULL
9921680603,1317046,2131021,2021-11-07 15:00:00,99216806,NULL,NULL
9921680604,1725122,1317019,2021-11-07 15:00:00,99216806,NULL,NULL
9921680605,1317032,2131002,2021-11-07 15:00:00,99216806,NULL,NULL
9921680701,1725177,1725035,2021-11-21 15:00:00,99216807,NULL,NULL
9921680702,2131021,1317006,2021-11-21 15:00:00,99216807,NULL,NULL
9921680703,1725166,1725122,2021-11-21 15:00:00,99216807,NULL,NULL
9921680704,1317019,1317032,2021-11-21 15:00:00,99216807,NULL,NULL
9921680705,2131002,1317046,2021-11-21 15:00:00,99216807,NULL,NULL
9921680801,1725035,2131021,2021-11-28 15:00:00,99216808,NULL,NULL
9921680802,1317046,1317006,2021-11-28 15:00:00,99216808,NULL,NULL
9921680803,1725122,1725177,2021-11-28 15:00:00,99216808,NULL,NULL
9921680804,1317032,1725166,2021-11-28 15:00:00,99216808,NULL,NULL
9921680805,2131002,1317019,2021-11-28 15:00:00,99216808,NULL,NULL
9921680901,1317006,1725035,2021-12-12 15:00:00,99216809,NULL,NULL
9921680902,2131021,1725122,2021-12-12 15:00:00,99216809,NULL,NULL
9921680903,1725177,1317032,2021-12-12 15:00:00,99216809,NULL,NULL
9921680904,1725166,2131002,2021-12-12 15:00:00,99216809,NULL,NULL
9921680905,1317019,1317046,2021-12-12 15:00:00,99216809,NULL,NULL
9921681001,1725035,1317046,2022-01-16 15:00:00,99216810,NULL,NULL
9921681002,1317006,1725122,2022-01-16 15:00:00,99216810,NULL,NULL
9921681003,2131021,1317032,2022-01-16 15:00:00,99216810,NULL,NULL
9921681004,1725177,2131002,2022-01-16 15:00:00,99216810,NULL,NULL
9921681005,1725166,1317019,2022-01-16 15:00:00,99216810,NULL,NULL
9921681101,1725122,1725035,2022-01-23 15:00:00,99216811,NULL,NULL
9921681102,1317032,1317006,2022-01-23 15:00:00,99216811,NULL,NULL
9921681103,2131002,2131021,2022-01-23 15:00:00,99216811,NULL,NULL
9921681104,1317019,1725177,2022-01-23 15:00:00,99216811,NULL,NULL
9921681105,1725166,1317046,2022-01-23 15:00:00,99216811,NULL,NULL
9921681201,1725035,1317032,2022-01-30 15:00:00,99216812,NULL,NULL
9921681202,1317006,2131002,2022-01-30 15:00:00,99216812,NULL,NULL
9921681203,2131021,1317019,2022-01-30 15:00:00,99216812,NULL,NULL
9921681204,1725177,1725166,2022-01-30 15:00:00,99216812,NULL,NULL
9921681205,1317046,1725122,2022-01-30 15:00:00,99216812,NULL,NULL
9921681301,2131002,1725035,2022-02-20 15:00:00,99216813,NULL,NULL
9921681302,1317019,1317006,2022-02-20 15:00:00,99216813,NULL,NULL
9921681303,1725166,2131021,2022-02-20 15:00:00,99216813,NULL,NULL
9921681304,1725177,1317046,2022-02-20 15:00:00,99216813,NULL,NULL
9921681305,1317032,1725122,2022-02-20 15:00:00,99216813,NULL,NULL
9921681401,1725035,1317019,2022-02-27 15:00:00,99216814,NULL,NULL
9921681402,1317006,1725166,2022-02-27 15:00:00,99216814,NULL,NULL
9921681403,2131021,1725177,2022-02-27 15:00:00,99216814,NULL,NULL
9921681404,1725122,2131002,2022-02-27 15:00:00,99216814,NULL,NULL
9921681405,1317046,1317032,2022-02-27 15:00:00,99216814,NULL,NULL
9921681501,1725166,1725035,2022-03-06 15:00:00,99216815,NULL,NULL
9921681502,1725177,1317006,2022-03-06 15:00:00,99216815,NULL,NULL
9921681503,2131021,1317046,2022-03-06 15:00:00,99216815,NULL,NULL
9921681504,1317019,1725122,2022-03-06 15:00:00,99216815,NULL,NULL
9921681505,2131002,1317032,2022-03-06 15:00:00,99216815,NULL,NULL
9921681601,1725035,1725177,2022-03-27 15:00:00,99216816,NULL,NULL
9921681602,1317006,2131021,2022-03-27 15:00:00,99216816,NULL,NULL
9921681603,1725122,1725166,2022-03-27 15:00:00,99216816,NULL,NULL
9921681604,1317032,1317019,2022-03-27 15:00:00,99216816,NULL,NULL
9921681605,1317046,2131002,2022-03-27 15:00:00,99216816,NULL,NULL
9921681701,2131021,1725035,2022-04-03 15:00:00,99216817,NULL,NULL
9921681702,1317006,1317046,2022-04-03 15:00:00,99216817,NULL,NULL
9921681703,1725177,1725122,2022-04-03 15:00:00,99216817,NULL,NULL
9921681704,1725166,1317032,2022-04-03 15:00:00,99216817,NULL,NULL
9921681705,1317019,2131002,2022-04-03 15:00:00,99216817,NULL,NULL
9921681801,1725035,1317006,2022-04-10 15:00:00,99216818,NULL,NULL
9921681802,1725122,2131021,2022-04-10 15:00:00,99216818,NULL,NULL
9921681803,1317032,1725177,2022-04-10 15:00:00,99216818,NULL,NULL
9921681804,2131002,1725166,2022-04-10 15:00:00,99216818,NULL,NULL
9921681805,1317046,1317019,2022-04-10 15:00:00,99216818,NULL,NULL
,,, ,,,
,,, ,,,
,,, ,,,
,,, ,,,
,,, ,,,
,,, ,,,
,,, ,,,
,,, ,,,
,,, ,,,
,,, ,,,
,,, ,,,
,,, ,,,
,,, ,,,
,,, ,,,
,,, ,,,
,,, ,,,
,,, ,,,
,,, ,,,
,,, ,,,
,,, ,,,
,,, ,,,
,,, ,,,
,,, ,,,
,,, ,,,
,,, ,,,
,,, ,,,
,,, ,,,
,,, ,,,
,,, ,,,
,,, ,,,
,,, ,,,
,,, ,,,
,,, ,,,
,,, ,,,
,,, ,,,
,,, ,,,
,,, ,,,
,,, ,,,
,,, ,,,
,,, ,,,
,,, ,,,
,,, ,,,
,,, ,,,
,,, ,,,
,,, ,,,
,,, ,,,
,,, ,,,
,,, ,,,
,,, ,,,
,,, ,,,
,,, ,,,
,,, ,,,
,,, ,,,
,,, ,,,
,,, ,,,
,,, ,,,
,,, ,,,
,,, ,,,
,,, ,,,
,,, ,,,
,,, ,,,
,,, ,,,
,,, ,,,
,,, ,,,
,,, ,,,
,,, ,,,
,,, ,,,
,,, ,,,
,,, ,,,
,,, ,,,
,,, ,,,
,,, ,,,
,,, ,,,
,,, ,,,
,,, ,,,
,,, ,,,
,,, ,,,
,,, ,,,
,,, ,,,
,,, ,,,
,,, ,,,
,,, ,,,
,,, ,,,
,,, ,,,
,,, ,,,
,,, ,,,
,,, ,,,
,,, ,,,
,,, ,,,
,,, ,,,
